{
  "turns": {
    "72": {
      "vectors": {
        "1": {
          "features": [
            0.0,
            0.0,
            0.0,
            0.0,
            0.0,
            0.0,
            1.0,
            0.0,
            0.0,
            0.0,
            0.0,
            0.0,
            0.0,
            0.0
          ],
          "name": "team 1",
          "embedding": [
            -36.96158890037691,
            -1.3865806277351511
          ]
        },
        "10": {
          "features": [
            0.0,
            0.0,
            0.0,
            0.0,
            1.032275077808319,
            1.0,
            0.02857142857142857,
            0.625,
            0.0,
            0.0,
            0.0,
            0.7922857142857143,
            0.6942857142857143,
            35.0
          ],
          "name": "Samur_ai",
          "embedding": [
            -1.957789980184516,
            0.3347960432432251
          ]
        },
        "11": {
          "features": [
            0.0,
            0.0,
            0.0,
            0.0,
            1.6601781837238903,
            1.0,
            1.0,
            0.06944444444444445,
            0.0,
            0.0,
            0.0,
            1.0,
            0.5,
            1.0
          ],
          "name": "AIS Priv\u00e8",
          "embedding": [
            -35.95896288758578,
            0.6175718965445053
          ]
        },
        "12": {
          "features": [
            0.0,
            0.0,
            0.0,
            0.0,
            0.13281425469791122,
            1.0,
            0.2,
            0.2638888888888889,
            0.0,
            0.0,
            0.0,
            0.5720000000000001,
            0.52,
            5.0
          ],
          "name": "Bluers",
          "embedding": [
            -31.95871496477461,
            -0.5962083586170347
          ]
        },
        "13": {
          "features": [
            0.0,
            0.0,
            0.0,
            0.0,
            1.16923977796554,
            1.0,
            0.017857142857142856,
            0.4444444444444444,
            0.0,
            0.0,
            0.0,
            0.60625,
            0.6303571428571428,
            56.0
          ],
          "name": "Cavalli al trotto",
          "embedding": [
            19.04235267460819,
            0.3457502779855295
          ]
        },
        "14": {
          "features": [
            0.0,
            0.0,
            0.0,
            0.0,
            1.2589684559906167,
            1.0,
            0.1111111111111111,
            1.3472222222222223,
            0.0,
            0.0,
            0.0,
            0.8155555555555556,
            0.5666666666666667,
            9.0
          ],
          "name": "Claudio Opuscoli",
          "embedding": [
            -27.958408604057,
            0.6641977382585816
          ]
        },
        "15": {
          "features": [
            0.0,
            0.0,
            0.0,
            0.0,
            2.8292203214294624,
            1.0,
            0.08333333333333333,
            0.0,
            0.0,
            0.0,
            0.0,
            0.6816666666666668,
            0.6416666666666667,
            12.0
          ],
          "name": "DeepAiUG",
          "embedding": [
            -24.95577206477889,
            1.8063210321783545
          ]
        },
        "16": {
          "features": [
            0.0,
            0.0,
            0.0,
            0.0,
            0.9515347350843558,
            1.0,
            0.021739130434782608,
            0.0,
            0.0,
            0.0,
            0.0,
            0.6060869565217392,
            0.6304347826086956,
            46.0
          ],
          "name": "Desf-AI",
          "embedding": [
            9.042570489751949,
            0.09026802244821372
          ]
        },
        "18": {
          "features": [
            0.0,
            0.0,
            0.0,
            0.0,
            0.862370334323243,
            1.0,
            0.1111111111111111,
            0.013888888888888888,
            0.0,
            0.0,
            0.0,
            0.6011111111111112,
            0.6666666666666667,
            9.0
          ],
          "name": "Starrats",
          "embedding": [
            -27.95753834389434,
            0.05150079784071444
          ]
        },
        "19": {
          "features": [
            0.0,
            0.0,
            0.0,
            0.0,
            0.5395579097102643,
            1.0,
            1.0,
            0.09722222222222222,
            0.0,
            0.0,
            0.0,
            1.0,
            0.5,
            1.0
          ],
          "name": "ventre a terra",
          "embedding": [
            -35.959968727988674,
            -0.3696459007461741
          ]
        },
        "2": {
          "features": [
            0.0,
            0.0,
            0.0,
            0.0,
            0.0,
            0.0,
            1.0,
            0.0,
            0.0,
            0.0,
            0.0,
            0.0,
            0.0,
            0.0
          ],
          "name": "team 2",
          "embedding": [
            -36.96158890037691,
            -1.3865806277351511
          ]
        },
        "20": {
          "features": [
            0.0,
            0.0,
            0.0,
            0.0,
            1.0533830575728083,
            1.0,
            0.2,
            0.0,
            0.0,
            0.0,
            0.0,
            0.802,
            0.5599999999999999,
            5.0
          ],
          "name": "sphacketti",
          "embedding": [
            -31.957631437967464,
            0.2291426739649981
          ]
        },
        "21": {
          "features": [
            0.0,
            0.0,
            0.0,
            0.0,
            0.06225668188964588,
            1.0,
            1.0,
            0.0,
            0.0,
            0.0,
            0.0,
            0.31,
            0.5,
            1.0
          ],
          "name": "EGEnts",
          "embedding": [
            -35.96034526956274,
            -0.9586594204362623
          ]
        },
        "22": {
          "features": [
            0.0,
            0.0,
            0.0,
            0.0,
            0.9018325062300131,
            1.0,
            0.014285714285714285,
            0.0,
            0.0,
            0.0,
            0.0,
            0.8498571428571428,
            0.7028571428571428,
            70.0
          ],
          "name": "MARADONA",
          "embedding": [
            33.04253384960229,
            0.07601775129026137
          ]
        },
        "23": {
          "features": [
            0.0,
            0.0,
            0.0,
            0.0,
            1.59226180348064,
            1.0,
            0.045454545454545456,
            0.1388888888888889,
            0.0,
            0.0,
            0.0,
            0.6609090909090909,
            0.5590909090909091,
            22.0
          ],
          "name": "AI Caramba",
          "embedding": [
            -14.95701031123234,
            0.712586357947627
          ]
        },
        "24": {
          "features": [
            0.0,
            0.0,
            0.0,
            0.0,
            1.2658858650894662,
            1.0,
            0.5,
            1.3333333333333333,
            0.0,
            0.0,
            0.0,
            0.86,
            0.5,
            2.0
          ],
          "name": "Accattoni",
          "embedding": [
            -34.959287219906706,
            0.5804010181126239
          ]
        },